{
  "w1": [
         [0.6961299612330134, 0.28242546061882245, 0.05955962907940082, 0.024528745740088786, 0.27562714731075544, 0.23696855935858063, 0.973907660957942, 0.37884189370425836, 0.01681891625824672, 0.7178806844970341, 0.23861644072411903, 0.20275934213843283, 0.3099976399971759, 0.5413836946844571, 0.456078021314988],
         [0.2850771910682419, 0.4333996587416823, 0.25909715973402525, 0.8079092422547227, 0.29427557712855534, 0.7946087712112367, 0.26854195934198355, 0.20509835578210733, 0.2476420800158753, 0.7729363510108873, 0.3009752495338631, 0.5758641218916277, 0.8444047030641744, 0.5784583077468011, 0.9389427951843039],
         [0.45494523275777454, 0.8245742711666517, 0.07947102605976109, 0.47351435545455156, 0.9464118677499764, 0.3783517015138136, 0.5411487150194798, 0.16795126188047682, 0.08965624452410936, 0.019097347634274398, 0.8817200502974795, 0.63095342652293, 0.08336545804901863, 0.9672264484025755, 0.8928508852809949],
         [0.25888181451497705, 0.3625439206499408, 0.3108772833737167, 0.5578286378518442, 0.49982985857331885, 0.9679211228758094, 0.4432601254760452, 0.9517041804921835, 0.24850482468472512, 0.4541952511225863, 0.8944889377893879, 0.9961982281757301, 0.418934861672298, 0.9970261250995428, 0.6194547888205366],
         [0.3998125815584943, 0.9426683521859932, 0.24515617730987416, 0.7691866708429562, 0.3136788757058868, 0.6113328319902603, 0.3402904721625274, 0.7564250536159476, 0.030894699092625766, 0.06560531390816293, 0.6554608677050607, 0.8323393790203365, 0.399712865980254, 0.684653315101575, 0.8157005138402356]
        ],
  "w2": [
         [0.2319608683474016, 0.5339203150969338, 0.5413589720635835, 0.4092732861530637, 0.23289492386916144],
         [0.4793214201058875, 0.6419292498517909, 0.7318669180700694, 0.15975375064907715, 0.4035801505652603],
         [0.5257211041600813, 0.5470324738739286, 0.930187501167203, 0.6987153855385628, 0.8491307804746495]
        ],
  "w3": [
         [0.5074978343217069, 0.8381272863105146, 0.6728481149249034]
        ]
}